{
  "project_info": {
    "project_number": "899857048110",
    "firebase_url": "https://trabajofinal-c11a0-default-rtdb.firebaseio.com",
    "project_id": "trabajofinal-c11a0",
    "storage_bucket": "trabajofinal-c11a0.appspot.com"
  },
  "client": [
    {
      "client_info": {
        "mobilesdk_app_id": "1:899857048110:android:d534e3a96182e8ae0735bf",
        "android_client_info": {
          "package_name": "com.diana.tbfinal"
        }
      },
      "oauth_client": [
        {
          "client_id": "899857048110-6857ccn0683imdsvhnkdas1tin4ukiii.apps.googleusercontent.com",
          "client_type": 1,
          "android_info": {
            "package_name": "com.diana.tbfinal",
            "certificate_hash": "cd684162a50d8fc39daa5c17d3ad676275ee7bca"
          }
        },
        {
          "client_id": "899857048110-qcsk99r9vou0t3o07jl6alumisltcr8u.apps.googleusercontent.com",
          "client_type": 3
        }
      ],
      "api_key": [
        {
          "current_key": "AIzaSyDABOXGgsfs19Pon1nusYasJRhWQAnKlJc"
        }
      ],
      "services": {
        "appinvite_service": {
          "other_platform_oauth_client": [
            {
              "client_id": "899857048110-qcsk99r9vou0t3o07jl6alumisltcr8u.apps.googleusercontent.com",
              "client_type": 3
            }
          ]
        }
      }
    }
  ],
  "configuration_version": "1"
}